Agency FB-B			C:\WINDOWS\Fonts\AGENCYB.TTF
Agency FB			C:\WINDOWS\Fonts\AGENCYR.TTF
Algerian			C:\WINDOWS\Fonts\ALGER.TTF
Book Antiqua-B			C:\WINDOWS\Fonts\ANTQUAB.TTF
Book Antiqua-B-I		C:\WINDOWS\Fonts\ANTQUABI.TTF
Book Antiqua-I			C:\WINDOWS\Fonts\ANTQUAI.TTF
Arial				C:\WINDOWS\Fonts\arial.ttf
Arial-B				C:\WINDOWS\Fonts\arialbd.ttf
Arial-B-I			C:\WINDOWS\Fonts\arialbi.ttf
Arial-I				C:\WINDOWS\Fonts\ariali.ttf
Arial Narrow			C:\WINDOWS\Fonts\ARIALN.TTF
Arial Narrow-B			C:\WINDOWS\Fonts\ARIALNB.TTF
Arial Narrow-B-I		C:\WINDOWS\Fonts\ARIALNBI.TTF
Arial Narrow-I			C:\WINDOWS\Fonts\ARIALNI.TTF
Arial Unicode MS		C:\WINDOWS\Fonts\ARIALUNI.TTF
Arial Black-B			C:\WINDOWS\Fonts\ariblk.ttf
Arial Rounded MT Bold		C:\WINDOWS\Fonts\ARLRDBD.TTF
Bahnschrift Bold SemiCondensed	C:\WINDOWS\Fonts\bahnschrift.ttf
Bahnschrift			C:\WINDOWS\Fonts\bahnschrift.ttf
Baskerville Old Face		C:\WINDOWS\Fonts\BASKVILL.TTF
Bauhaus 93			C:\WINDOWS\Fonts\BAUHS93.TTF
Bell MT				C:\WINDOWS\Fonts\BELL.TTF
Bell MT-B			C:\WINDOWS\Fonts\BELLB.TTF
Bell MT-I			C:\WINDOWS\Fonts\BELLI.TTF
Bernard MT Condensed		C:\WINDOWS\Fonts\BERNHC.TTF
Book Antiqua			C:\WINDOWS\Fonts\BKANT.TTF
Bodoni MT-B			C:\WINDOWS\Fonts\BOD_B.TTF
Bodoni MT-B-I			C:\WINDOWS\Fonts\BOD_BI.TTF
Bodoni MT Black-B-I		C:\WINDOWS\Fonts\BOD_BLAI.TTF
Bodoni MT Black-B		C:\WINDOWS\Fonts\BOD_BLAR.TTF
Bodoni MT Condensed-B		C:\WINDOWS\Fonts\BOD_CB.TTF
Bodoni MT Condensed-B-I		C:\WINDOWS\Fonts\BOD_CBI.TTF
Bodoni MT Condensed-I		C:\WINDOWS\Fonts\BOD_CI.TTF
Bodoni MT Condensed		C:\WINDOWS\Fonts\BOD_CR.TTF
Bodoni MT-I			C:\WINDOWS\Fonts\BOD_I.TTF
Bodoni MT Poster		C:\WINDOWS\Fonts\BOD_PSTC.TTF
Bodoni MT Poster Compressed	C:\WINDOWS\Fonts\BOD_PSTC.TTF
Bodoni MT			C:\WINDOWS\Fonts\BOD_R.TTF
Bookman Old Style		C:\WINDOWS\Fonts\BOOKOS.TTF
Bookman Old Style0		C:\WINDOWS\Fonts\BOOKOSB.TTF
Bookman Old Style-I		C:\WINDOWS\Fonts\BOOKOSBI.TTF
Bookman Old Style-I0		C:\WINDOWS\Fonts\BOOKOSI.TTF
Bradley Hand ITC		C:\WINDOWS\Fonts\BRADHITC.TTF
Britannic Bold			C:\WINDOWS\Fonts\BRITANIC.TTF
Berlin Sans FB-B		C:\WINDOWS\Fonts\BRLNSB.TTF
Berlin Sans FB Demi-B		C:\WINDOWS\Fonts\BRLNSDB.TTF
Berlin Sans FB			C:\WINDOWS\Fonts\BRLNSR.TTF
Broadway			C:\WINDOWS\Fonts\BROADW.TTF
Brush Script MT-I		C:\WINDOWS\Fonts\BRUSHSCI.TTF
Bookshelf Symbol 7		C:\WINDOWS\Fonts\BSSYM7.TTF
Calibri				C:\WINDOWS\Fonts\calibri.ttf
Calibri-B			C:\WINDOWS\Fonts\calibrib.ttf
Calibri-I			C:\WINDOWS\Fonts\calibrii.ttf
Calibri Light			C:\WINDOWS\Fonts\calibril.ttf
Calibri Light-I			C:\WINDOWS\Fonts\calibrili.ttf
Calibri-B-I			C:\WINDOWS\Fonts\calibriz.ttf
Californian FB-B		C:\WINDOWS\Fonts\CALIFB.TTF
Californian FB-I		C:\WINDOWS\Fonts\CALIFI.TTF
Californian FB			C:\WINDOWS\Fonts\CALIFR.TTF
Calisto MT			C:\WINDOWS\Fonts\CALIST.TTF
Calisto MT-B			C:\WINDOWS\Fonts\CALISTB.TTF
Calisto MT-B-I			C:\WINDOWS\Fonts\CALISTBI.TTF
Calisto MT-I			C:\WINDOWS\Fonts\CALISTI.TTF
Cambria				C:\WINDOWS\Fonts\cambria.ttc
Cambria Math			C:\WINDOWS\Fonts\cambria.ttc
Cambria-B			C:\WINDOWS\Fonts\cambriab.ttf
Cambria-I			C:\WINDOWS\Fonts\cambriai.ttf
Cambria-B-I			C:\WINDOWS\Fonts\cambriaz.ttf
Candara				C:\WINDOWS\Fonts\Candara.ttf
Candara-B			C:\WINDOWS\Fonts\Candarab.ttf
Candara-I			C:\WINDOWS\Fonts\Candarai.ttf
Candara Light			C:\WINDOWS\Fonts\Candaral.ttf
Candara Light-I			C:\WINDOWS\Fonts\Candarali.ttf
Candara-B-I			C:\WINDOWS\Fonts\Candaraz.ttf
Cascadia Code			C:\WINDOWS\Fonts\CascadiaCode.ttf
Cascadia Mono			C:\WINDOWS\Fonts\CascadiaMono.ttf
Castellar			C:\WINDOWS\Fonts\CASTELAR.TTF
Century Schoolbook		C:\WINDOWS\Fonts\CENSCBK.TTF
Centaur				C:\WINDOWS\Fonts\CENTAUR.TTF
Century				C:\WINDOWS\Fonts\CENTURY.TTF
Chiller				C:\WINDOWS\Fonts\CHILLER.TTF
Code 128			C:\WINDOWS\Fonts\code128.ttf
Code39AzaleaNarrow1		C:\WINDOWS\Fonts\Code39AzaleaNarrow1.ttf
Code39AzaleaNarrow2		C:\WINDOWS\Fonts\Code39AzaleaNarrow2.ttf
Code39AzaleaNarrow3		C:\WINDOWS\Fonts\Code39AzaleaNarrow3.ttf
Code39AzaleaRegular1		C:\WINDOWS\Fonts\Code39AzaleaRegular1.ttf
Code39AzaleaRegular2		C:\WINDOWS\Fonts\Code39AzaleaRegular2.ttf
Code39AzaleaRegular3		C:\WINDOWS\Fonts\Code39AzaleaRegular3.ttf
Code39AzaleaWide1		C:\WINDOWS\Fonts\Code39AzaleaWide1.ttf
Code39AzaleaWide2		C:\WINDOWS\Fonts\Code39AzaleaWide2.ttf
Code39AzaleaWide3		C:\WINDOWS\Fonts\Code39AzaleaWide3.ttf
Colonna MT			C:\WINDOWS\Fonts\COLONNA.TTF
Comic Sans MS			C:\WINDOWS\Fonts\comic.ttf
Comic Sans MS-B			C:\WINDOWS\Fonts\comicbd.ttf
Comic Sans MS-I			C:\WINDOWS\Fonts\comici.ttf
Comic Sans MS-B-I		C:\WINDOWS\Fonts\comicz.ttf
Consolas			C:\WINDOWS\Fonts\consola.ttf
Consolas-B			C:\WINDOWS\Fonts\consolab.ttf
Consolas-I			C:\WINDOWS\Fonts\consolai.ttf
Consolas-B-I			C:\WINDOWS\Fonts\consolaz.ttf
Constantia			C:\WINDOWS\Fonts\constan.ttf
Constantia-B			C:\WINDOWS\Fonts\constanb.ttf
Constantia-I			C:\WINDOWS\Fonts\constani.ttf
Constantia-B-I			C:\WINDOWS\Fonts\constanz.ttf
Cooper Black			C:\WINDOWS\Fonts\COOPBL.TTF
Copperplate Gothic Bold		C:\WINDOWS\Fonts\COPRGTB.TTF
Copperplate Gothic Light	C:\WINDOWS\Fonts\COPRGTL.TTF
Corbel				C:\WINDOWS\Fonts\corbel.ttf
Corbel-B			C:\WINDOWS\Fonts\corbelb.ttf
Corbel-I			C:\WINDOWS\Fonts\corbeli.ttf
Corbel Light			C:\WINDOWS\Fonts\corbell.ttf
Corbel Light-I			C:\WINDOWS\Fonts\corbelli.ttf
Corbel-B-I			C:\WINDOWS\Fonts\corbelz.ttf
Courier New			C:\WINDOWS\Fonts\cour.ttf
Courier New-B			C:\WINDOWS\Fonts\courbd.ttf
Courier New-B-I			C:\WINDOWS\Fonts\courbi.ttf
Courier New-I			C:\WINDOWS\Fonts\couri.ttf
Curlz MT			C:\WINDOWS\Fonts\CURLZ___.TTF
DengXian			C:\WINDOWS\Fonts\DengXian.ttf
方正等线				C:\WINDOWS\Fonts\DengXian.ttf
Dubai Bold-B			C:\WINDOWS\Fonts\DUBAI-BOLD.TTF
Dubai-B				C:\WINDOWS\Fonts\DUBAI-BOLD.TTF
Dubai Light			C:\WINDOWS\Fonts\DUBAI-LIGHT.TTF
Dubai Medium			C:\WINDOWS\Fonts\DUBAI-MEDIUM.TTF
Dubai Regular			C:\WINDOWS\Fonts\DUBAI-REGULAR.TTF
Dubai				C:\WINDOWS\Fonts\DUBAI-REGULAR.TTF
Ebrima				C:\WINDOWS\Fonts\ebrima.ttf
Ebrima-B			C:\WINDOWS\Fonts\ebrimabd.ttf
Elephant			C:\WINDOWS\Fonts\ELEPHNT.TTF
Elephant-I			C:\WINDOWS\Fonts\ELEPHNTI.TTF
Engravers MT			C:\WINDOWS\Fonts\ENGR.TTF
Eras Bold ITC			C:\WINDOWS\Fonts\ERASBD.TTF
Eras Demi ITC			C:\WINDOWS\Fonts\ERASDEMI.TTF
Eras Light ITC			C:\WINDOWS\Fonts\ERASLGHT.TTF
Eras Medium ITC			C:\WINDOWS\Fonts\ERASMD.TTF
Felix Titling			C:\WINDOWS\Fonts\FELIXTI.TTF
Forte-I				C:\WINDOWS\Fonts\FORTE.TTF
Franklin Gothic Book		C:\WINDOWS\Fonts\FRABK.TTF
Franklin Gothic Book-I		C:\WINDOWS\Fonts\FRABKIT.TTF
Franklin Gothic Demi		C:\WINDOWS\Fonts\FRADM.TTF
Franklin Gothic Demi Cond	C:\WINDOWS\Fonts\FRADMCN.TTF
Franklin Gothic Demi-I		C:\WINDOWS\Fonts\FRADMIT.TTF
Franklin Gothic Heavy		C:\WINDOWS\Fonts\FRAHV.TTF
Franklin Gothic Heavy-I		C:\WINDOWS\Fonts\FRAHVIT.TTF
Franklin Gothic Medium		C:\WINDOWS\Fonts\framd.ttf
Franklin Gothic Medium Cond	C:\WINDOWS\Fonts\FRAMDCN.TTF
Franklin Gothic Medium-I	C:\WINDOWS\Fonts\framdit.ttf
New				C:\WINDOWS\Fonts\fre3of9x.ttf
Free 3 of 9 Extended		C:\WINDOWS\Fonts\fre3of9x.ttf
New0				C:\WINDOWS\Fonts\free3of9.ttf
Free 3 of 9			C:\WINDOWS\Fonts\free3of9.ttf
Freestyle Script		C:\WINDOWS\Fonts\FREESCPT.TTF
French Script MT		C:\WINDOWS\Fonts\FRSCRIPT.TTF
Footlight MT Light		C:\WINDOWS\Fonts\FTLTLT.TTF
Gabriola			C:\WINDOWS\Fonts\Gabriola.ttf
Gadugi				C:\WINDOWS\Fonts\gadugi.ttf
Gadugi-B			C:\WINDOWS\Fonts\gadugib.ttf
Garamond			C:\WINDOWS\Fonts\GARA.TTF
Garamond-B			C:\WINDOWS\Fonts\GARABD.TTF
Garamond-I			C:\WINDOWS\Fonts\GARAIT.TTF
Georgia				C:\WINDOWS\Fonts\georgia.ttf
Georgia-B			C:\WINDOWS\Fonts\georgiab.ttf
Georgia-I			C:\WINDOWS\Fonts\georgiai.ttf
Georgia-B-I			C:\WINDOWS\Fonts\georgiaz.ttf
Gigi				C:\WINDOWS\Fonts\GIGI.TTF
Gill Sans MT-B-I		C:\WINDOWS\Fonts\GILBI___.TTF
Gill Sans MT-B			C:\WINDOWS\Fonts\GILB____.TTF
Gill Sans MT Condensed		C:\WINDOWS\Fonts\GILC____.TTF
Gill Sans MT-I			C:\WINDOWS\Fonts\GILI____.TTF
Gill Sans Ultra Bold Condensed	C:\WINDOWS\Fonts\GILLUBCD.TTF
Gill Sans Ultra Bold		C:\WINDOWS\Fonts\GILSANUB.TTF
Gill Sans MT			C:\WINDOWS\Fonts\GIL_____.TTF
Gloucester MT Extra Condensed	C:\WINDOWS\Fonts\GLECB.TTF
Gill Sans MT Ext Condensed Bold	C:\WINDOWS\Fonts\GLSNECB.TTF
Century Gothic			C:\WINDOWS\Fonts\GOTHIC.TTF
Century Gothic-B		C:\WINDOWS\Fonts\GOTHICB.TTF
Century Gothic-B-I		C:\WINDOWS\Fonts\GOTHICBI.TTF
Century Gothic-I		C:\WINDOWS\Fonts\GOTHICI.TTF
Goudy Old Style			C:\WINDOWS\Fonts\GOUDOS.TTF
Goudy Old Style-B		C:\WINDOWS\Fonts\GOUDOSB.TTF
Goudy Old Style-I		C:\WINDOWS\Fonts\GOUDOSI.TTF
Goudy Stout			C:\WINDOWS\Fonts\GOUDYSTO.TTF
Harlow Solid Italic-I		C:\WINDOWS\Fonts\HARLOWSI.TTF
Harrington			C:\WINDOWS\Fonts\HARNGTON.TTF
Haettenschweiler		C:\WINDOWS\Fonts\HATTEN.TTF
Microsoft Himalaya		C:\WINDOWS\Fonts\himalaya.ttf
HoloLens MDL2 Assets		C:\WINDOWS\Fonts\holomdl2.ttf
High Tower Text			C:\WINDOWS\Fonts\HTOWERT.TTF
High Tower Text-I		C:\WINDOWS\Fonts\HTOWERTI.TTF
IDAutomationHC39M Regular	C:\WINDOWS\Fonts\IDAutomationHC39M.ttf
IDAutomationHC39M		C:\WINDOWS\Fonts\IDAutomationHC39M.ttf
Impact				C:\WINDOWS\Fonts\impact.ttf
Imprint MT Shadow		C:\WINDOWS\Fonts\IMPRISHA.TTF
Informal Roman			C:\WINDOWS\Fonts\INFROMAN.TTF
Ink Free			C:\WINDOWS\Fonts\Inkfree.ttf
Blackadder ITC			C:\WINDOWS\Fonts\ITCBLKAD.TTF
Edwardian Script ITC		C:\WINDOWS\Fonts\ITCEDSCR.TTF
Kristen ITC			C:\WINDOWS\Fonts\ITCKRIST.TTF
Javanese Text			C:\WINDOWS\Fonts\javatext.ttf
Jokerman			C:\WINDOWS\Fonts\JOKERMAN.TTF
Juice ITC			C:\WINDOWS\Fonts\JUICE___.TTF
Kunstler Script			C:\WINDOWS\Fonts\KUNSTLER.TTF
Wide Latin			C:\WINDOWS\Fonts\LATINWD.TTF
Lucida Bright			C:\WINDOWS\Fonts\LBRITE.TTF
Lucida Bright0			C:\WINDOWS\Fonts\LBRITED.TTF
Lucida Bright-I			C:\WINDOWS\Fonts\LBRITEDI.TTF
Lucida Bright-I0		C:\WINDOWS\Fonts\LBRITEI.TTF
Lucida Calligraphy-I		C:\WINDOWS\Fonts\LCALLIG.TTF
Leelawadee UI-B			C:\WINDOWS\Fonts\LeelaUIb.ttf
Leelawadee UI			C:\WINDOWS\Fonts\LeelawUI.ttf
Leelawadee UI Semilight		C:\WINDOWS\Fonts\LeelUIsl.ttf
Lucida Fax			C:\WINDOWS\Fonts\LFAX.TTF
Lucida Fax0			C:\WINDOWS\Fonts\LFAXD.TTF
Lucida Fax-I			C:\WINDOWS\Fonts\LFAXDI.TTF
Lucida Fax-I0			C:\WINDOWS\Fonts\LFAXI.TTF
Lucida Handwriting-I		C:\WINDOWS\Fonts\LHANDW.TTF
Lucida Sans			C:\WINDOWS\Fonts\LSANS.TTF
Lucida Sans0			C:\WINDOWS\Fonts\LSANSD.TTF
Lucida Sans-I			C:\WINDOWS\Fonts\LSANSDI.TTF
Lucida Sans-I0			C:\WINDOWS\Fonts\LSANSI.TTF
Lucida Sans Typewriter		C:\WINDOWS\Fonts\LTYPE.TTF
Lucida Sans Typewriter0		C:\WINDOWS\Fonts\LTYPEB.TTF
Lucida Sans Typewriter-I	C:\WINDOWS\Fonts\LTYPEBO.TTF
Lucida Sans Typewriter-I0	C:\WINDOWS\Fonts\LTYPEO.TTF
Lucida Console			C:\WINDOWS\Fonts\lucon.ttf
Lucida Sans Unicode		C:\WINDOWS\Fonts\l_10646.ttf
Magneto-B			C:\WINDOWS\Fonts\MAGNETOB.TTF
Maiandra GD			C:\WINDOWS\Fonts\MAIAN.TTF
Malgun Gothic			C:\WINDOWS\Fonts\malgun.ttf
맑은 고딕				C:\WINDOWS\Fonts\malgun.ttf
Malgun Gothic-B			C:\WINDOWS\Fonts\malgunbd.ttf
맑은 고딕-B				C:\WINDOWS\Fonts\malgunbd.ttf
Malgun Gothic Semilight		C:\WINDOWS\Fonts\malgunsl.ttf
맑은 고딕 Semilight			C:\WINDOWS\Fonts\malgunsl.ttf
Map Symbols			C:\WINDOWS\Fonts\Mapsym.ttf
Marlett				C:\WINDOWS\Fonts\marlett.ttf
Matura MT Script Capitals	C:\WINDOWS\Fonts\MATURASC.TTF
Microsoft Sans Serif		C:\WINDOWS\Fonts\micross.ttf
MingLiU-ExtB			C:\WINDOWS\Fonts\mingliub.ttc
細明體-ExtB			C:\WINDOWS\Fonts\mingliub.ttc
PMingLiU-ExtB			C:\WINDOWS\Fonts\mingliub.ttc
新細明體-ExtB			C:\WINDOWS\Fonts\mingliub.ttc
MingLiU_HKSCS-ExtB		C:\WINDOWS\Fonts\mingliub.ttc
細明體_HKSCS-ExtB			C:\WINDOWS\Fonts\mingliub.ttc
Mistral				C:\WINDOWS\Fonts\MISTRAL.TTF
Myanmar Text			C:\WINDOWS\Fonts\mmrtext.ttf
Myanmar Text-B			C:\WINDOWS\Fonts\mmrtextb.ttf
Modern No. 20			C:\WINDOWS\Fonts\MOD20.TTF
Mongolian Baiti			C:\WINDOWS\Fonts\monbaiti.ttf
MS Gothic			C:\WINDOWS\Fonts\msgothic.ttc
ＭＳ ゴシック				C:\WINDOWS\Fonts\msgothic.ttc
MS UI Gothic			C:\WINDOWS\Fonts\msgothic.ttc
MS PGothic			C:\WINDOWS\Fonts\msgothic.ttc
ＭＳ Ｐゴシック			C:\WINDOWS\Fonts\msgothic.ttc
微軟正黑體				C:\WINDOWS\Fonts\msjh.ttc
Microsoft JhengHei		C:\WINDOWS\Fonts\msjh.ttc
Microsoft JhengHei UI		C:\WINDOWS\Fonts\msjh.ttc
微軟正黑體-B				C:\WINDOWS\Fonts\msjhbd.ttc
Microsoft JhengHei-B		C:\WINDOWS\Fonts\msjhbd.ttc
Microsoft JhengHei UI-B		C:\WINDOWS\Fonts\msjhbd.ttc
微軟正黑體 Light			C:\WINDOWS\Fonts\msjhl.ttc
Microsoft JhengHei Light	C:\WINDOWS\Fonts\msjhl.ttc
Microsoft JhengHei UI Light	C:\WINDOWS\Fonts\msjhl.ttc
Microsoft MHei			C:\WINDOWS\Fonts\MSMHei-Bold.ttf
Microsoft MHei0			C:\WINDOWS\Fonts\MSMHei.ttf
Microsoft NeoGothic-B		C:\WINDOWS\Fonts\MSNeoGothic-Bold.ttf
Microsoft NeoGothic		C:\WINDOWS\Fonts\MSNeoGothic.ttf
Microsoft YaHei			C:\WINDOWS\Fonts\msyh.ttc
微软雅黑				C:\WINDOWS\Fonts\msyh.ttc
Microsoft YaHei UI		C:\WINDOWS\Fonts\msyh.ttc
Microsoft YaHei-B		C:\WINDOWS\Fonts\msyhbd.ttc
微软雅黑-B				C:\WINDOWS\Fonts\msyhbd.ttc
Microsoft YaHei UI-B		C:\WINDOWS\Fonts\msyhbd.ttc
Microsoft YaHei Light		C:\WINDOWS\Fonts\msyhl.ttc
微软雅黑 Light			C:\WINDOWS\Fonts\msyhl.ttc
Microsoft YaHei UI Light	C:\WINDOWS\Fonts\msyhl.ttc
Microsoft Yi Baiti		C:\WINDOWS\Fonts\msyi.ttf
Monotype Corsiva-I		C:\WINDOWS\Fonts\MTCORSVA.TTF
MT Extra			C:\WINDOWS\Fonts\MTEXTRA.TTF
MV Boli-I			C:\WINDOWS\Fonts\mvboli.ttf
Niagara Engraved		C:\WINDOWS\Fonts\NIAGENG.TTF
Niagara Solid			C:\WINDOWS\Fonts\NIAGSOL.TTF
Nina				C:\WINDOWS\Fonts\nina.ttf
Nina-B				C:\WINDOWS\Fonts\ninab.ttf
Nirmala UI			C:\WINDOWS\Fonts\Nirmala.ttf
Nirmala UI-B			C:\WINDOWS\Fonts\NirmalaB.ttf
Nirmala UI Semilight		C:\WINDOWS\Fonts\NirmalaS.ttf
Microsoft New Tai Lue		C:\WINDOWS\Fonts\ntailu.ttf
Microsoft New Tai Lue-B		C:\WINDOWS\Fonts\ntailub.ttf
OCR A Extended			C:\WINDOWS\Fonts\OCRAEXT.TTF
Old English Text MT		C:\WINDOWS\Fonts\OLDENGL.TTF
Onyx				C:\WINDOWS\Fonts\ONYX.TTF
MS Outlook			C:\WINDOWS\Fonts\OUTLOOK.TTF
Palatino Linotype		C:\WINDOWS\Fonts\pala.ttf
Palatino Linotype-B		C:\WINDOWS\Fonts\palab.ttf
Palatino Linotype-B-I		C:\WINDOWS\Fonts\palabi.ttf
Palatino Linotype-I		C:\WINDOWS\Fonts\palai.ttf
Palace Script MT-I		C:\WINDOWS\Fonts\PALSCRI.TTF
Papyrus				C:\WINDOWS\Fonts\PAPYRUS.TTF
Parchment			C:\WINDOWS\Fonts\PARCHM.TTF
Perpetua-B-I			C:\WINDOWS\Fonts\PERBI___.TTF
Perpetua-B			C:\WINDOWS\Fonts\PERB____.TTF
Perpetua-I			C:\WINDOWS\Fonts\PERI____.TTF
Perpetua Titling MT-B		C:\WINDOWS\Fonts\PERTIBD.TTF
Perpetua Titling MT		C:\WINDOWS\Fonts\PERTILI.TTF
Perpetua			C:\WINDOWS\Fonts\PER_____.TTF
Microsoft PhagsPa		C:\WINDOWS\Fonts\phagspa.ttf
Microsoft PhagsPa-B		C:\WINDOWS\Fonts\phagspab.ttf
Playbill			C:\WINDOWS\Fonts\PLAYBILL.TTF
Poor Richard			C:\WINDOWS\Fonts\POORICH.TTF
Pristina			C:\WINDOWS\Fonts\PRISTINA.TTF
Rage Italic			C:\WINDOWS\Fonts\RAGE.TTF
Ravie				C:\WINDOWS\Fonts\RAVIE.TTF
MS Reference Sans Serif		C:\WINDOWS\Fonts\REFSAN.TTF
MS Reference Specialty		C:\WINDOWS\Fonts\REFSPCL.TTF
Rockwell Condensed-B		C:\WINDOWS\Fonts\ROCCB___.TTF
Rockwell Condensed		C:\WINDOWS\Fonts\ROCC____.TTF
Rockwell			C:\WINDOWS\Fonts\ROCK.TTF
Rockwell-B			C:\WINDOWS\Fonts\ROCKB.TTF
Rockwell-B-I			C:\WINDOWS\Fonts\ROCKBI.TTF
Rockwell Extra Bold-B		C:\WINDOWS\Fonts\ROCKEB.TTF
Rockwell-I			C:\WINDOWS\Fonts\ROCKI.TTF
Century Schoolbook-B		C:\WINDOWS\Fonts\SCHLBKB.TTF
Century Schoolbook-B-I		C:\WINDOWS\Fonts\SCHLBKBI.TTF
Century Schoolbook-I		C:\WINDOWS\Fonts\SCHLBKI.TTF
Script MT Bold-B		C:\WINDOWS\Fonts\SCRIPTBL.TTF
Segoe MDL2 Assets		C:\WINDOWS\Fonts\segmdl2.ttf
Segoe Condensed			C:\WINDOWS\Fonts\segoe.ttf
Segoe Condensed-B		C:\WINDOWS\Fonts\segoeb.ttf
Segoe Print			C:\WINDOWS\Fonts\segoepr.ttf
Segoe Print-B			C:\WINDOWS\Fonts\segoeprb.ttf
Segoe Script			C:\WINDOWS\Fonts\segoesc.ttf
Segoe Script-B			C:\WINDOWS\Fonts\segoescb.ttf
Segoe UI			C:\WINDOWS\Fonts\segoeui.ttf
Segoe UI-B			C:\WINDOWS\Fonts\segoeuib.ttf
Segoe UI-I			C:\WINDOWS\Fonts\segoeuii.ttf
Segoe UI Light			C:\WINDOWS\Fonts\segoeuil.ttf
Segoe UI Semilight		C:\WINDOWS\Fonts\segoeuisl.ttf
Segoe UI-B-I			C:\WINDOWS\Fonts\segoeuiz.ttf
Segoe WP Black-B		C:\WINDOWS\Fonts\SegoeWP-Black.ttf
Segoe WP-B			C:\WINDOWS\Fonts\SegoeWP-Bold.ttf
Segoe WP Light			C:\WINDOWS\Fonts\SegoeWP-Light.ttf
Segoe WP Semibold		C:\WINDOWS\Fonts\SegoeWP-Semibold.ttf
Segoe WP SemiLight		C:\WINDOWS\Fonts\SegoeWP-Semilight.ttf
Segoe WP			C:\WINDOWS\Fonts\SegoeWP.ttf
Segoe UI Black-B		C:\WINDOWS\Fonts\seguibl.ttf
Segoe UI Black-B-I		C:\WINDOWS\Fonts\seguibli.ttf
Segoe UI Emoji			C:\WINDOWS\Fonts\seguiemj.ttf
Segoe UI Historic		C:\WINDOWS\Fonts\seguihis.ttf
Segoe UI Light-I		C:\WINDOWS\Fonts\seguili.ttf
Segoe UI Semibold		C:\WINDOWS\Fonts\seguisb.ttf
Segoe UI Semibold-I		C:\WINDOWS\Fonts\seguisbi.ttf
Segoe UI Semilight-I		C:\WINDOWS\Fonts\seguisli.ttf
Segoe UI Symbol			C:\WINDOWS\Fonts\seguisym.ttf
Showcard Gothic			C:\WINDOWS\Fonts\SHOWG.TTF
SimSun				C:\WINDOWS\Fonts\simsun.ttc
宋体				C:\WINDOWS\Fonts\simsun.ttc
NSimSun				C:\WINDOWS\Fonts\simsun.ttc
新宋体				C:\WINDOWS\Fonts\simsun.ttc
SimSun-ExtB			C:\WINDOWS\Fonts\simsunb.ttf
Sitka Small			C:\WINDOWS\Fonts\Sitka.ttc
Sitka Text			C:\WINDOWS\Fonts\Sitka.ttc
Sitka Subheading		C:\WINDOWS\Fonts\Sitka.ttc
Sitka Heading			C:\WINDOWS\Fonts\Sitka.ttc
Sitka Display			C:\WINDOWS\Fonts\Sitka.ttc
Sitka Banner			C:\WINDOWS\Fonts\Sitka.ttc
Sitka Small-B			C:\WINDOWS\Fonts\SitkaB.ttc
Sitka Text-B			C:\WINDOWS\Fonts\SitkaB.ttc
Sitka Subheading-B		C:\WINDOWS\Fonts\SitkaB.ttc
Sitka Heading-B			C:\WINDOWS\Fonts\SitkaB.ttc
Sitka Display-B			C:\WINDOWS\Fonts\SitkaB.ttc
Sitka Banner-B			C:\WINDOWS\Fonts\SitkaB.ttc
Sitka Small-I			C:\WINDOWS\Fonts\SitkaI.ttc
Sitka Text-I			C:\WINDOWS\Fonts\SitkaI.ttc
Sitka Subheading-I		C:\WINDOWS\Fonts\SitkaI.ttc
Sitka Heading-I			C:\WINDOWS\Fonts\SitkaI.ttc
Sitka Display-I			C:\WINDOWS\Fonts\SitkaI.ttc
Sitka Banner-I			C:\WINDOWS\Fonts\SitkaI.ttc
Sitka Small-B-I			C:\WINDOWS\Fonts\SitkaZ.ttc
Sitka Text-B-I			C:\WINDOWS\Fonts\SitkaZ.ttc
Sitka Subheading-B-I		C:\WINDOWS\Fonts\SitkaZ.ttc
Sitka Heading-B-I		C:\WINDOWS\Fonts\SitkaZ.ttc
Sitka Display-B-I		C:\WINDOWS\Fonts\SitkaZ.ttc
Sitka Banner-B-I		C:\WINDOWS\Fonts\SitkaZ.ttc
Snap ITC			C:\WINDOWS\Fonts\SNAP____.TTF
Stencil				C:\WINDOWS\Fonts\STENCIL.TTF
Sylfaen				C:\WINDOWS\Fonts\sylfaen.ttf
Symbol				C:\WINDOWS\Fonts\symbol.ttf
Tahoma				C:\WINDOWS\Fonts\tahoma.ttf
Tahoma-B			C:\WINDOWS\Fonts\tahomabd.ttf
Microsoft Tai Le		C:\WINDOWS\Fonts\taile.ttf
Microsoft Tai Le-B		C:\WINDOWS\Fonts\taileb.ttf
Tw Cen MT-B-I			C:\WINDOWS\Fonts\TCBI____.TTF
Tw Cen MT-B			C:\WINDOWS\Fonts\TCB_____.TTF
Tw Cen MT Condensed-B		C:\WINDOWS\Fonts\TCCB____.TTF
Tw Cen MT Condensed Extra Bold	C:\WINDOWS\Fonts\TCCEB.TTF
Tw Cen MT Condensed		C:\WINDOWS\Fonts\TCCM____.TTF
Tw Cen MT-I			C:\WINDOWS\Fonts\TCMI____.TTF
Tw Cen MT			C:\WINDOWS\Fonts\TCM_____.TTF
TeamViewer15			C:\WINDOWS\Fonts\teamviewer15.otf
Tempus Sans ITC			C:\WINDOWS\Fonts\TEMPSITC.TTF
Times New Roman			C:\WINDOWS\Fonts\times.ttf
Times New Roman-B		C:\WINDOWS\Fonts\timesbd.ttf
Times New Roman-B-I		C:\WINDOWS\Fonts\timesbi.ttf
Times New Roman-I		C:\WINDOWS\Fonts\timesi.ttf
Trebuchet MS			C:\WINDOWS\Fonts\trebuc.ttf
Trebuchet MS-B			C:\WINDOWS\Fonts\trebucbd.ttf
Trebuchet MS-B-I		C:\WINDOWS\Fonts\trebucbi.ttf
Trebuchet MS-I			C:\WINDOWS\Fonts\trebucit.ttf
MapInfo Cartographic		C:\WINDOWS\Fonts\Ttmicg__.ttf
Verdana				C:\WINDOWS\Fonts\verdana.ttf
Verdana-B			C:\WINDOWS\Fonts\verdanab.ttf
Verdana-I			C:\WINDOWS\Fonts\verdanai.ttf
Verdana-B-I			C:\WINDOWS\Fonts\verdanaz.ttf
Viner Hand ITC			C:\WINDOWS\Fonts\VINERITC.TTF
Vivaldi-I			C:\WINDOWS\Fonts\VIVALDII.TTF
Vladimir Script			C:\WINDOWS\Fonts\VLADIMIR.TTF
Webdings			C:\WINDOWS\Fonts\webdings.ttf
Wingdings			C:\WINDOWS\Fonts\wingding.ttf
Wingdings 2			C:\WINDOWS\Fonts\WINGDNG2.TTF
Wingdings 3			C:\WINDOWS\Fonts\WINGDNG3.TTF
Yu Gothic-B			C:\WINDOWS\Fonts\YuGothB.ttc
游ゴシック-B				C:\WINDOWS\Fonts\YuGothB.ttc
Yu Gothic UI-B			C:\WINDOWS\Fonts\YuGothB.ttc
Yu Gothic UI Semibold		C:\WINDOWS\Fonts\YuGothB.ttc
Yu Gothic Bold-B		C:\WINDOWS\Fonts\YuGothic-Bold.ttf
���S�V�b�N��-B			C:\WINDOWS\Fonts\YuGothic-Bold.ttf
Yu Gothic Light			C:\WINDOWS\Fonts\YuGothL.ttc
游ゴシック Light			C:\WINDOWS\Fonts\YuGothL.ttc
Yu Gothic UI Light		C:\WINDOWS\Fonts\YuGothL.ttc
Yu Gothic Medium		C:\WINDOWS\Fonts\YuGothM.ttc
游ゴシック Medium			C:\WINDOWS\Fonts\YuGothM.ttc
Yu Gothic UI			C:\WINDOWS\Fonts\YuGothM.ttc
Yu Gothic			C:\WINDOWS\Fonts\YuGothR.ttc
游ゴシック				C:\WINDOWS\Fonts\YuGothR.ttc
Yu Gothic UI Semilight		C:\WINDOWS\Fonts\YuGothR.ttc
